<?xml version="1.0" encoding="UTF-8"?>
<project version="4">
  <component name="ProjectModuleManager">
    <modules>
      <module fileurl="file://$PROJECT_DIR$/Routeplaner.iml" filepath="$PROJECT_DIR$/Routeplaner.iml" group="Routeplaner" />
      <module fileurl="file://$PROJECT_DIR$/.idea/modules/app/Routeplaner-app.iml" filepath="$PROJECT_DIR$/.idea/modules/app/Routeplaner-app.iml" group="Routeplaner/app" />
      <module fileurl="file://$PROJECT_DIR$/Routplaner.iml" filepath="$PROJECT_DIR$/Routplaner.iml" />
      <module fileurl="file://$PROJECT_DIR$/app/app.iml" filepath="$PROJECT_DIR$/app/app.iml" />
    </modules>
  </component>
</project>